{"delta_bm_lane":{"1":{"min":0.0,"max":0.0,"score":-0.138435,"description":"Miles of bikeways of type \"lane\" installed between 2011 and 2015"},"6":{"min":1.73182922935666E-06,"max":0.107833877205849,"score":0.041924,"description":"Miles of bikeways of type \"lane\" installed between 2011 and 2015"},"7":{"min":0.109425567090511,"max":0.358207553625107,"score":0.236997,"description":"Miles of bikeways of type \"lane\" installed between 2011 and 2015"},"8":{"min":0.358223080635071,"max":0.681389987468719,"score":0.17515,"description":"Miles of bikeways of type \"lane\" installed between 2011 and 2015"},"9":{"min":0.683593571186066,"max":1.10563588142395,"score":0.138681,"description":"Miles of bikeways of type \"lane\" installed between 2011 and 2015"},"10":{"min":1.11843061447144,"max":8.86803340911865,"score":-0.03589,"description":"Miles of bikeways of type \"lane\" installed between 2011 and 2015"}},"delta_bm_buffer_lane":{"1":{"min":0.0,"max":0.0,"score":0.000682,"description":"Miles of bikeways of type \"buffer lane\" installed between 2011 and 2015"},"10":{"min":2.51284564001253E-05,"max":2.14222049713135,"score":-0.016221,"description":"Miles of bikeways of type \"buffer lane\" installed between 2011 and 2015"}},"delta_bm_street":{"1":{"min":0.0,"max":0.0,"score":-0.001902,"description":"Miles of bikeways of type \"street\" installed between 2011 and 2015"},"10":{"min":4.89820049551781E-05,"max":0.724475681781769,"score":0.250951,"description":"Miles of bikeways of type \"street\" installed between 2011 and 2015"}},"delta_bm_path":{"1":{"min":0.0,"max":0.0,"score":0.003469,"description":"Miles of bikeways of type \"path\" installed between 2011 and 2015"},"10":{"min":0.287468194961548,"max":2.14660167694092,"score":-0.254199,"description":"Miles of bikeways of type \"path\" installed between 2011 and 2015"}},"delta_bm_route":{"1":{"min":0.0,"max":0.0,"score":-0.002871,"description":"Miles of bikeways of type \"route\" installed between 2011 and 2015"},"10":{"min":0.855889201164246,"max":1.02936220169067,"score":0.4728,"description":"Miles of bikeways of type \"route\" installed between 2011 and 2015"}},"delta_bm_sharrowed_route":{"1":{"min":0.0,"max":0.0,"score":-0.046621,"description":"Miles of bikeways of type \"sharrowed route\" installed between 2011 and 2015"},"9":{"min":2.07111224881373E-06,"max":0.499338656663895,"score":0.010619,"description":"Miles of bikeways of type \"sharrowed route\" installed between 2011 and 2015"},"10":{"min":0.500066459178925,"max":3.64357781410217,"score":0.279745,"description":"Miles of bikeways of type \"sharrowed route\" installed between 2011 and 2015"}},"delta_bm_protected_lane":{"1":{"min":0.0,"max":0.0,"score":-0.00093,"description":"Miles of bikeways of type \"protected lane\" installed between 2011 and 2015"},"10":{"min":1.5999252354959E-05,"max":0.651584982872009,"score":0.104823,"description":"Miles of bikeways of type \"protected lane\" installed between 2011 and 2015"}},"delta_bm_total":{"1":{"min":0.0,"max":0.0,"score":-0.183618,"description":"Total miles of bikeways installed between 2011 and 2015"},"5":{"min":1.73182922935666E-06,"max":0.153898254036903,"score":-0.009027,"description":"Total miles of bikeways installed between 2011 and 2015"},"6":{"min":0.154674395918846,"max":0.367963999509811,"score":0.168884,"description":"Total miles of bikeways installed between 2011 and 2015"},"7":{"min":0.374990344047546,"max":0.673161029815674,"score":0.132363,"description":"Total miles of bikeways installed between 2011 and 2015"},"8":{"min":0.674225986003876,"max":0.988537073135376,"score":0.098378,"description":"Total miles of bikeways installed between 2011 and 2015"},"9":{"min":0.992404043674469,"max":1.51031863689423,"score":0.173947,"description":"Total miles of bikeways installed between 2011 and 2015"},"10":{"min":1.51717269420624,"max":9.10960865020752,"score":0.011374,"description":"Total miles of bikeways installed between 2011 and 2015"}},"total_workers_2011":{"1":{"min":0.0,"max":1034.0,"score":-0.100996,"description":"Total workers residing in the tract in 2011"},"2":{"min":1036.0,"max":1259.0,"score":-0.231738,"description":"Total workers residing in the tract in 2011"},"3":{"min":1262.0,"max":1422.0,"score":0.090812,"description":"Total workers residing in the tract in 2011"},"4":{"min":1423.0,"max":1544.0,"score":-0.231738,"description":"Total workers residing in the tract in 2011"},"5":{"min":1547.0,"max":1702.0,"score":-0.410005,"description":"Total workers residing in the tract in 2011"},"6":{"min":1702.0,"max":1841.0,"score":0.129979,"description":"Total workers residing in the tract in 2011"},"7":{"min":1841.0,"max":2006.0,"score":0.234124,"description":"Total workers residing in the tract in 2011"},"8":{"min":2007.0,"max":2219.0,"score":0.008156,"description":"Total workers residing in the tract in 2011"},"9":{"min":2219.0,"max":2529.0,"score":0.206453,"description":"Total workers residing in the tract in 2011"},"10":{"min":2532.0,"max":4124.0,"score":-0.041498,"description":"Total workers residing in the tract in 2011"}},"total_workers_2015":{"1":{"min":0.0,"max":1093.0,"score":-0.046286,"description":"Total workers residing in the tract in 2015"},"2":{"min":1094.0,"max":1307.0,"score":-0.100996,"description":"Total workers residing in the tract in 2015"},"3":{"min":1307.0,"max":1470.0,"score":-0.046286,"description":"Total workers residing in the tract in 2015"},"4":{"min":1471.0,"max":1609.0,"score":-0.162162,"description":"Total workers residing in the tract in 2015"},"5":{"min":1610.0,"max":1783.0,"score":0.003315,"description":"Total workers residing in the tract in 2015"},"6":{"min":1789.0,"max":1944.0,"score":-0.046286,"description":"Total workers residing in the tract in 2015"},"7":{"min":1946.0,"max":2096.0,"score":0.129979,"description":"Total workers residing in the tract in 2015"},"8":{"min":2097.0,"max":2301.0,"score":0.134988,"description":"Total workers residing in the tract in 2015"},"9":{"min":2304.0,"max":2647.0,"score":0.134988,"description":"Total workers residing in the tract in 2015"},"10":{"min":2648.0,"max":4464.0,"score":-0.09626,"description":"Total workers residing in the tract in 2015"}},"total_bc_2011":{"1":{"min":0.0,"max":0.0,"score":-0.410005,"description":"Total bicycle commuters residing in the tract in 2011"},"2":{"min":0.0,"max":0.0,"score":0.048774,"description":"Total bicycle commuters residing in the tract in 2011"},"3":{"min":0.0,"max":0.0,"score":-0.231738,"description":"Total bicycle commuters residing in the tract in 2011"},"4":{"min":0.0,"max":0.0,"score":-0.100996,"description":"Total bicycle commuters residing in the tract in 2011"},"5":{"min":0.0,"max":0.0,"score":-0.046286,"description":"Total bicycle commuters residing in the tract in 2011"},"6":{"min":0.0,"max":0.600000023841858,"score":-0.100996,"description":"Total bicycle commuters residing in the tract in 2011"},"7":{"min":0.600000023841858,"max":1.0,"score":0.090812,"description":"Total bicycle commuters residing in the tract in 2011"},"8":{"min":1.0,"max":1.60000002384186,"score":0.053671,"description":"Total bicycle commuters residing in the tract in 2011"},"9":{"min":1.60000002384186,"max":2.5,"score":0.239313,"description":"Total bicycle commuters residing in the tract in 2011"},"10":{"min":2.5,"max":17.3999996185303,"score":0.17177,"description":"Total bicycle commuters residing in the tract in 2011"}},"total_bc_2015":{"1":{"min":0.0,"max":0.0,"score":0.003315,"description":"Total bicycle commuters residing in the tract in 2015"},"2":{"min":0.0,"max":0.0,"score":-0.100996,"description":"Total bicycle commuters residing in the tract in 2015"},"3":{"min":0.0,"max":0.0,"score":0.048774,"description":"Total bicycle commuters residing in the tract in 2015"},"4":{"min":0.0,"max":0.300000011920929,"score":0.048774,"description":"Total bicycle commuters residing in the tract in 2015"},"5":{"min":0.300000011920929,"max":0.600000023841858,"score":-0.100996,