{"workers_total": {"1": {"min": 0.0, "max": 1051.0, "score": 0.1093}, "2": {"min": 1058.0, "max": 1268.0, "score": 0.0732}, "3": {"min": 1268.0, "max": 1437.0, "score": -0.1008}, "4": {"min": 1438.0, "max": 1582.0, "score": -0.2156}, "5": {"min": 1589.0, "max": 1700.0, "score": -0.58}, "6": {"min": 1702.0, "max": 1877.0, "score": -0.0475}, "7": {"min": 1879.0, "max": 2064.0, "score": -0.1508}, "8": {"min": 2066.0, "max": 2267.0, "score": 0.0389}, "9": {"min": 2269.0, "max": 2520.0, "score": 0.2397}, "10": {"min": 2522.0, "max": 5658.0, "score": 0.2106}}, "workers_male": {"1": {"min": 0.0, "max": 558.0, "score": 0.1433}, "2": {"min": 559.0, "max": 674.0, "score": -0.1008}, "3": {"min": 676.0, "max": 777.0, "score": -0.1008}, "4": {"min": 778.0, "max": 852.0, "score": -0.0518}, "5": {"min": 852.0, "max": 928.0, "score": -0.2114}, "6": {"min": 928.0, "max": 1013.0, "score": -0.4579}, "7": {"min": 1016.0, "max": 1106.0, "score": -0.1508}, "8": {"min": 1106.0, "max": 1226.0, "score": -0.0475}, "9": {"min": 1226.0, "max": 1384.0, "score": 0.2106}, "10": {"min": 1388.0, "max": 3166.0, "score": 0.3451}}, "bicycle_commuters_male": {"1": {"min": 0.0, "max": 0.0, "score": 0.0346}, "2": {"min": 0.0, "max": 0.0, "score": -0.155}, "3": {"min": 0.0, "max": 0.0, "score": -0.584}, "4": {"min": 0.0, "max": 0.0, "score": -0.4619}, "5": {"min": 0.0, "max": 0.0, "score": -0.2805}, "6": {"min": 0.0, "max": 0.400000005960464, "score": 0.2106}, "7": {"min": 0.400000005960464, "max": 1.29999995231628, "score": -0.2114}, "8": {"min": 1.29999995231628, "max": 2.20000004768372, "score": 0.0776}, "9": {"min": 2.29999995231628, "max": 3.70000004768372, "score": 0.18}, "10": {"min": 3.70000004768372, "max": 100.0, "score": 0.415}}, "workers_female": {"1": {"min": 0.0, "max": 453.0, "score": 0.1754}, "2": {"min": 453.0, "max": 555.0, "score": -0.0069}, "3": {"min": 555.0, "max": 649.0, "score": -0.2156}, "4": {"min": 649.0, "max": 713.0, "score": -0.3651}, "5": {"min": 715.0, "max": 773.0, "score": -0.0966}, "6": {"min": 774.0, "max": 858.0, "score": 0.0389}, "7": {"min": 859.0, "max": 956.0, "score": 0.1137}, "8": {"min": 957.0, "max": 1049.0, "score": -0.0966}, "9": {"min": 1050.0, "max": 1199.0, "score": 0.1478}, "10": {"min": 1200.0, "max": 2492.0, "score": 0.0776}}, "bicycle_commuters_female": {"1": {"min": 0.0, "max": 0.0, "score": 0.1093}, "2": {"min": 0.0, "max": 0.0, "score": -0.0518}, "3": {"min": 0.0, "max": 0.0, "score": -0.3651}, "4": {"min": 0.0, "max": 0.0, "score": -0.3651}, "5": {"min": 0.0, "max": 0.0, "score": -0.0026}, "6": {"min": 0.0, "max": 0.0, "score": -0.1508}, "7": {"min": 0.0, "max": 0.0, "score": 0.0776}, "8": {"min": 0.0, "max": 0.0, "score": -0.0026}, "9": {"min": 0.0, "max": 1.20000004768372, "score": -0.0026}, "10": {"min": 1.20000004768372, "max": 33.2999992370605, "score": 0.3691}}, "intersections": {"1": {"min": 0.0, "max": 12.0, "score": -0.4619}, "2": {"min": 12.0, "max": 20.0, "score": -0.155}, "3": {"min": 20.0, "max": 26.0, "score": -0.0518}, "4": {"min": 26.0, "max": 32.0, "score": 0.1433}, "5": {"min": 32.0, "max": 39.0, "score": 0.1137}, "6": {"min": 39.0, "max": 49.0, "score": -0.0966}, "7": {"min": 49.0, "max": 60.0, "score": 0.18}, "8": {"min": 61.0, "max": 75.0, "score": -0.0475}, "9": {"min": 76.0, "max": 103.0, "score": 0.0389}, "10": {"min": 104.0, "max": 363.0, "score": 0.0776}}, "bm_lane": {"1": {"min": 0.0, "max": 0.0, "score": -0.4619}, "2": {"min": 0.0, "max": 0.0, "score": 0.1093}, "3": {"min": 0.0, "max": 0.0, "score": 0.0346}, "4": {"min": 0.0, "max": 5.64000001759268e-05, "score": -0.0518}, "5": {"min": 6.00999992457218e-05, "max": 0.255955457687378, "score": -0.1508}, "6": {"min": 0.259085923433304, "max": 0.492895722389221, "score": 0.0776}, "7": {"min": 0.49339097738266, "max": 0.721225321292877, "score": -0.2805}, "8": {"min": 0.72156023979187, "max": 1.0946056842804, "score": 0.0389}, "9": {"min": 1.10267436504364, "max": 1.78295087814331, "score": 0.18}, "10": {"min": 1.78754365444183, "max": 15.8460330963135, "score": 0.18}}, "bm_buffer_lane": {"1": {"min": 0.0, "max": 0.0, "score": -0.4619}, "2": {"min": 0.0, "max": 0.0, "score": 0.206}, "3": {"min": 0.0, "max": 0.0, "score": -0.155}, "4": {"min": 0.0, "max": 0.0, "score": -0.0069}, "5": {"min": 0.0, "max": 0.0, "score": -0.2114}, "6": {"min": 0.0, "max": 0.0, "score": -0.0475}, "7": {"min": 0.0, "max": 0.0, "score": -0.0475}, "8": {"min": 0.0, "max": 0.0, "score": 0.0776}, "9": {"min": 0.0, "max": 0.154477298259735, "score": 0.1478}, "10": {"min": 0.155087053775787, "max": 2.79930019378662, "score": 0.18}}, "bm_street": {"1": {"min": 0.0, "max": 0.0, "score": 0.1093}, "2": {"min": 0.0, "max": 0.0, "score": -0.584}, "3": {"min": 0.0, "max": 0.0, "score": 0.1093}, "4": {"min": 0.0, "max": 0.0, "score": -0.1008}, "5": {"min": 0.0, "max": 0.0, "score": -0.0475}, "6": {"min": 0.0, "max": 0.0, "score": -0.361}, "7": {"min": 0.0, "max": 0.0, "score": -0.0475}, "8": {"min": 0.0, "max": 0.0, "score": 0.18}, "9": {"min": 0.0, "max": 0.0, "score": 0.2397}, "10": {"min": 0.0, "max": 1.25747680664063, "score": 0.0389}}, "bm_path": {"1": {"min": 0.0, "max": 0.0, "score": -0.0069}, "2": {"min": 0.0, "max": 0.0, "score": -0.2846}, "3": {"min": 0.0, "max": 0.0, "score": 0.0346}, "4": {"min": 0.0, "max": 0.0, "score": -0.2846}, "5": {"min": 0.0, "max": 0.0, "score": -0.1508}, "6": {"min": 0.0, "max": 0.0, "score": -0.0026}, "7": {"min": 0.0, "max": 0.0, "score": -0.0475}, "8": {"min": 0.0, "max": 0.0, "score": 0.1137}, "9": {"min": 0.0, "max": 0.0, "score": 0.1137}, "10": {"min": 0.0, "max": 17.3937740325928, "score": 0.2677}}, "bm_route": {"1": {"min": 0.0, "max": 0.0, "score": -0.155}, "2": {"min": 0.0, "max": 0.0, "score": -0.1008}, "3": {"min": 0.0, "max": 0.0, "score": -0.155}, "4": {"min": 0.0, "max": 0.0, "score": -0.3651}, "5": {"min": 0.0, "max": 0.0, "score": -0.0966}, "6": {"min": 0.0, "max": 0.0, "score": 0.1137}, "7": {"min": 0.0, "max": 0.0, "score": 0.0389}, "8": {"min": 0.0, "max": 0.0, "score": 0.0389}, "9": {"min": 0.0, "max": 0.373963415622711, "score": 0.18}, "10": {"min": 0.37860369682312, "max": 6.14671993255615, "score": 0.2397}}, "bm_sharrowed_route": {"1": {"min": 0.0, "max": 0.0, "score": -0.155}, "2": {"min": 0.0, "max": 0.0, "score": -0.155}, "3": {"min": 0.0, "max": 0.0, "score": -0.2846}, "4": {"min": 0.0, "max": 0.0, "score": -0.4619}, "5": {"min": 0.0, "max": 0.0, "score": -0.0966}, "6": {"min": 0.0, "max": 0.0, "score": -0.2805}, "7": {"min": 0.0, "max": 0.0, "score": 0.1478}, "8": {"min": 0.0, "max": 0.0018753239419311, "score": 0.1478}, "9": {"min": 0.002431517932564, "max": 0.506081819534302, "score": 0.1478}, "10": {"min": 0.506728529930115, "max": 5.18075561523438, "score": 0.415}}, "bm_protected_lane": {"1": {"min": 0.0, "max": 0.0, "score": -0.4619}, "2": {"min": 0.0, "max": 0.0, "score": -0.155}, "3": {"min": 0.0, "max": 0.0, "score": -0.3651}, "4": {"min": 0.0, "max": 0.0, "score": -0.3651}, "5": {"min": 0.0, "max": 0.0, "score": -0.1508}, "6": {"min": 0.0, "max": 0.0, "score": -0.1508}, "7": {"min": 0.0, "max": 0.0, "score": 0.0389}, "8": {"min": 0.0, "max": 0.0, "score": 0.1137}, "9": {"min": 0.0, "max": 0.0, "score": -0.0475}, "10": {"min": 0.0, "max": 3.05615878105164, "score": 0.6492}}, "bm_total": {"1": {"min": 0.0, "max": 0.0, "score": -0.4619}, "2": {"min": 0.0, "max": 0.0, "score": -0.155}, "3": {"min": 0.0, "max": 0.255116790533066, "score": -0.4619}, "4": {"min": 0.255768865346909, "max": 0.500249981880188, "score": -0.2156}, "5": {"min": 0.500395953655243, "max": 0.701610445976257, "score": -0.4579}, "6": {"min": 0.703616201877594, "max": 0.983605623245239, "score": -0.0026}, "7": {"min": 0.987192094326019, "max": 1.26895236968994, "score": -0.1508}, "8": {"min": 1.26903247833252, "max": 1.75881254673004, "score": 0.3691}, "9": {"min": 1.76453948020935, "max": 2.58101606369019, "score": 0.2944}, "10": {"min": 2.58308076858521, "max": 24.0897407531738, "score": 0.3451}}}