{"delta_bm_lane":{"1":{"min":0.0,"max":0.0,"score":-0.134026,"description":"Miles of bikeways of type \"lane\" installed between 2011 and 2015"},"6":{"min":1.73182922935666E-06,"max":0.107833877205849,"score":0.031887,"description":"Miles of bikeways of type \"lane\" installed between 2011 and 2015"},"7":{"min":0.109425567090511,"max":0.358207553625107,"score":0.237482,"description":"Miles of bikeways of type \"lane\" installed between 2011 and 2015"},"8":{"min":0.358223080635071,"max":0.681389987468719,"score":0.17435,"description":"Miles of bikeways of type \"lane\" installed between 2011 and 2015"},"9":{"min":0.683593571186066,"max":1.10563588142395,"score":0.137086,"description":"Miles of bikeways of type \"lane\" installed between 2011 and 2015"},"10":{"min":1.11843061447144,"max":8.86803340911865,"score":-0.042359,"description":"Miles of bikeways of type \"lane\" installed between 2011 and 2015"}},"delta_bm_buffer_lane":{"1":{"min":0.0,"max":0.0,"score":0.004405,"description":"Miles of bikeways of type \"buffer lane\" installed between 2011 and 2015"},"10":{"min":2.51284564001253E-05,"max":2.14222049713135,"score":-0.12154,"description":"Miles of bikeways of type \"buffer lane\" installed between 2011 and 2015"}},"delta_bm_street":{"1":{"min":0.0,"max":0.0,"score":0.001939,"description":"Miles of bikeways of type \"street\" installed between 2011 and 2015"},"10":{"min":4.89820049551781E-05,"max":0.724475681781769,"score":0.0,"description":"Miles of bikeways of type \"street\" installed between 2011 and 2015"}},"delta_bm_path":{"1":{"min":0.0,"max":0.0,"score":0.007316,"description":"Miles of bikeways of type \"path\" installed between 2011 and 2015"},"10":{"min":0.287468194961548,"max":2.14660167694092,"score":0.0,"description":"Miles of bikeways of type \"path\" installed between 2011 and 2015"}},"delta_bm_route":{"1":{"min":0.0,"max":0.0,"score":0.000968,"description":"Miles of bikeways of type \"route\" installed between 2011 and 2015"},"10":{"min":0.855889201164246,"max":1.02936220169067,"score":0.0,"description":"Miles of bikeways of type \"route\" installed between 2011 and 2015"}},"delta_bm_sharrowed_route":{"1":{"min":0.0,"max":0.0,"score":-0.042359,"description":"Miles of bikeways of type \"sharrowed route\" installed between 2011 and 2015"},"9":{"min":2.07111224881373E-06,"max":0.499338656663895,"score":-0.016805,"description":"Miles of bikeways of type \"sharrowed route\" installed between 2011 and 2015"},"10":{"min":0.500066459178925,"max":3.64357781410217,"score":0.274276,"description":"Miles of bikeways of type \"sharrowed route\" installed between 2011 and 2015"}},"delta_bm_protected_lane":{"1":{"min":0.0,"max":0.0,"score":0.002911,"description":"Miles of bikeways of type \"protected lane\" installed between 2011 and 2015"},"10":{"min":1.5999252354959E-05,"max":0.651584982872009,"score":0.0,"description":"Miles of bikeways of type \"protected lane\" installed between 2011 and 2015"}},"delta_bm_total":{"1":{"min":0.0,"max":0.0,"score":-0.179844,"description":"Total miles of bikeways installed between 2011 and 2015"},"5":{"min":1.73182922935666E-06,"max":0.153898254036903,"score":-0.016805,"description":"Total miles of bikeways installed between 2011 and 2015"},"6":{"min":0.154674395918846,"max":0.367963999509811,"score":0.169271,"description":"Total miles of bikeways installed between 2011 and 2015"},"7":{"min":0.374990344047546,"max":0.673161029815674,"score":0.132065,"description":"Total miles of bikeways installed between 2011 and 2015"},"8":{"min":0.674225986003876,"max":0.988537073135376,"score":0.097303,"description":"Total miles of bikeways installed between 2011 and 2015"},"9":{"min":0.992404043674469,"max":1.51031863689423,"score":0.17435,"description":"Total miles of bikeways installed between 2011 and 2015"},"10":{"min":1.51717269420624,"max":9.10960865020752,"score":0.008251,"description":"Total miles of bikeways installed between 2011 and 2015"}}}