{"workers_total": {"1": {"min": 0.0, "max": 1051.0, "score": 0.0732}, "2": {"min": 1058.0, "max": 1268.0, "score": -0.0518}, "3": {"min": 1268.0, "max": 1437.0, "score": -0.0069}, "4": {"min": 1438.0, "max": 1582.0, "score": -0.155}, "5": {"min": 1589.0, "max": 1700.0, "score": -0.4579}, "6": {"min": 1702.0, "max": 1877.0, "score": -0.0475}, "7": {"min": 1879.0, "max": 2064.0, "score": -0.0966}, "8": {"min": 2066.0, "max": 2267.0, "score": 0.0776}, "9": {"min": 2269.0, "max": 2520.0, "score": 0.2677}, "10": {"min": 2522.0, "max": 5658.0, "score": 0.1137}}, "workers_male": {"1": {"min": 0.0, "max": 558.0, "score": 0.1433}, "2": {"min": 559.0, "max": 674.0, "score": -0.155}, "3": {"min": 676.0, "max": 777.0, "score": -0.1008}, "4": {"min": 778.0, "max": 852.0, "score": -0.1008}, "5": {"min": 852.0, "max": 928.0, "score": -0.2114}, "6": {"min": 928.0, "max": 1013.0, "score": -0.2805}, "7": {"min": 1016.0, "max": 1106.0, "score": -0.1508}, "8": {"min": 1106.0, "max": 1226.0, "score": 0.0389}, "9": {"min": 1226.0, "max": 1384.0, "score": 0.2106}, "10": {"min": 1388.0, "max": 3166.0, "score": 0.2944}}, "bicycle_commuters_male": {"1": {"min": 0.0, "max": 0.0, "score": -0.0518}, "2": {"min": 0.0, "max": 0.0, "score": -0.2156}, "3": {"min": 0.0, "max": 0.0, "score": -0.7507}, "4": {"min": 0.0, "max": 0.0, "score": -0.4619}, "5": {"min": 0.0, "max": 0.0, "score": -0.2114}, "6": {"min": 0.0, "max": 0.400000006, "score": 0.2106}, "7": {"min": 0.400000006, "max": 1.299999952, "score": -0.0966}, "8": {"min": 1.299999952, "max": 2.200000048, "score": 0.0389}, "9": {"min": 2.299999952, "max": 3.700000048, "score": 0.2106}, "10": {"min": 3.700000048, "max": 100.0, "score": 0.4369}}, "workers_female": {"1": {"min": 0.0, "max": 453.0, "score": 0.0732}, "2": {"min": 453.0, "max": 555.0, "score": 0.0732}, "3": {"min": 555.0, "max": 649.0, "score": -0.2156}, "4": {"min": 649.0, "max": 713.0, "score": -0.584}, "5": {"min": 715.0, "max": 773.0, "score": 0.1137}, "6": {"min": 774.0, "max": 858.0, "score": 0.0389}, "7": {"min": 859.0, "max": 956.0, "score": 0.0776}, "8": {"min": 957.0, "max": 1049.0, "score": -0.0966}, "9": {"min": 1050.0, "max": 1199.0, "score": 0.2106}, "10": {"min": 1200.0, "max": 2492.0, "score": -0.0475}}, "bicycle_commuters_female": {"1": {"min": 0.0, "max": 0.0, "score": -0.0069}, "2": {"min": 0.0, "max": 0.0, "score": -0.0518}, "3": {"min": 0.0, "max": 0.0, "score": -0.7507}, "4": {"min": 0.0, "max": 0.0, "score": -0.0518}, "5": {"min": 0.0, "max": 0.0, "score": 0.0389}, "6": {"min": 0.0, "max": 0.0, "score": -0.2114}, "7": {"min": 0.0, "max": 0.0, "score": 0.1137}, "8": {"min": 0.0, "max": 0.0, "score": -0.0966}, "9": {"min": 0.0, "max": 1.200000048, "score": -0.0026}, "10": {"min": 1.200000048, "max": 33.29999924, "score": 0.415}}, "intersections": {"1": {"min": 0.0, "max": 12.0, "score": -0.2156}, "2": {"min": 12.0, "max": 20.0, "score": -0.155}, "3": {"min": 20.0, "max": 26.0, "score": 0.0732}, "4": {"min": 26.0, "max": 32.0, "score": 0.206}, "5": {"min": 32.0, "max": 39.0, "score": 0.1137}, "6": {"min": 39.0, "max": 49.0, "score": -0.0966}, "7": {"min": 49.0, "max": 60.0, "score": 0.1137}, "8": {"min": 61.0, "max": 75.0, "score": -0.0475}, "9": {"min": 76.0, "max": 103.0, "score": -0.0475}, "10": {"min": 104.0, "max": 363.0, "score": -0.0966}}, "bm_lane": {"1": {"min": 0.0, "max": 0.0, "score": -0.2846}, "2": {"min": 0.0, "max": 0.0, "score": 0.206}, "3": {"min": 0.0, "max": 0.0, "score": -0.0069}, "4": {"min": 0.0, "max": 5.64e-05, "score": -0.0518}, "5": {"min": 6.01e-05, "max": 0.255955458, "score": -0.0026}, "6": {"min": 0.259085923, "max": 0.492895722, "score": 0.0776}, "7": {"min": 0.493390977, "max": 0.721225321, "score": -0.2114}, "8": {"min": 0.72156024, "max": 1.094605684, "score": 0.0776}, "9": {"min": 1.102674365, "max": 1.782950878, "score": 0.0776}, "10": {"min": 1.787543654, "max": 15.8460331, "score": -0.0475}}, "bm_buffer_lane": {"1": {"min": 0.0, "max": 0.0, "score": -0.2846}, "2": {"min": 0.0, "max": 0.0, "score": 0.2897}, "3": {"min": 0.0, "max": 0.0, "score": -0.2846}, "4": {"min": 0.0, "max": 0.0, "score": 0.1093}, "5": {"min": 0.0, "max": 0.0, "score": -0.1508}, "6": {"min": 0.0, "max": 0.0, "score": -0.0026}, "7": {"min": 0.0, "max": 0.0, "score": -0.0475}, "8": {"min": 0.0, "max": 0.0, "score": -0.0966}, "9": {"min": 0.0, "max": 0.154477298, "score": 0.1137}, "10": {"min": 0.155087054, "max": 2.799300194, "score": 0.0776}}, "bm_street": {"1": {"min": 0.0, "max": 0.0, "score": -0.0069}, "2": {"min": 0.0, "max": 0.0, "score": 0.0346}, "3": {"min": 0.0, "max": 0.0, "score": -0.0069}, "4": {"min": 0.0, "max": 0.0, "score": -0.0518}, "5": {"min": 0.0, "max": 0.0, "score": -0.0026}, "6": {"min": 0.0, "max": 0.0, "score": -0.1508}, "7": {"min": 0.0, "max": 0.0, "score": -0.0966}, "8": {"min": 0.0, "max": 0.0, "score": -0.0475}, "9": {"min": 0.0, "max": 0.0, "score": 0.2106}, "10": {"min": 0.0, "max": 1.257476807, "score": 0.0389}}, "bm_path": {"1": {"min": 0.0, "max": 0.0, "score": 0.0346}, "2": {"min": 0.0, "max": 0.0, "score": 0.1433}, "3": {"min": 0.0, "max": 0.0, "score": -0.2156}, "4": {"min": 0.0, "max": 0.0, "score": -0.1008}, "5": {"min": 0.0, "max": 0.0, "score": -0.0026}, "6": {"min": 0.0, "max": 0.0, "score": -0.2805}, "7": {"min": 0.0, "max": 0.0, "score": -0.0475}, "8": {"min": 0.0, "max": 0.0, "score": -0.0966}, "9": {"min": 0.0, "max": 0.0, "score": 0.1478}, "10": {"min": 0.0, "max": 17.39377403, "score": 0.2106}}, "bm_route": {"1": {"min": 0.0, "max": 0.0, "score": -0.0069}, "2": {"min": 0.0, "max": 0.0, "score": -0.1008}, "3": {"min": 0.0, "max": 0.0, "score": -0.0518}, "4": {"min": 0.0, "max": 0.0, "score": -0.0518}, "5": {"min": 0.0, "max": 0.0, "score": -0.4579}, "6": {"min": 0.0, "max": 0.0, "score": 0.0389}, "7": {"min": 0.0, "max": 0.0, "score": -0.0475}, "8": {"min": 0.0, "max": 0.0, "score": 0.1478}, "9": {"min": 0.0, "max": 0.373963416, "score": 0.0776}, "10": {"min": 0.378603697, "max": 6.146719933, "score": 0.2106}}, "bm_sharrowed_route": {"1": {"min": 0.0, "max": 0.0, "score": -0.0069}, "2": {"min": 0.0, "max": 0.0, "score": -0.2156}, "3": {"min": 0.0, "max": 0.0, "score": -0.1008}, "4": {"min": 0.0, "max": 0.0, "score": -0.3651}, "5": {"min": 0.0, "max": 0.0, "score": -0.2114}, "6": {"min": 0.0, "max": 0.0, "score": -0.361}, "7": {"min": 0.0, "max": 0.0, "score": 0.1137}, "8": {"min": 0.0, "max": 0.001875324, "score": 0.0776}, "9": {"min": 0.002431518, "max": 0.50608182, "score": 0.1137}, "10": {"min": 0.50672853, "max": 5.180755615, "score": 0.4369}}, "bm_protected_lane": {"1": {"min": 0.0, "max": 0.0, "score": -0.155}, "2": {"min": 0.0, "max": 0.0, "score": -0.2846}, "3": {"min": 0.0, "max": 0.0, "score": -0.3651}, "4": {"min": 0.0, "max": 0.0, "score": -0.2846}, "5": {"min": 0.0, "max": 0.0, "score": -0.0475}, "6": {"min": 0.0, "max": 0.0, "score": -0.0966}, "7": {"min": 0.0, "max": 0.0, "score": -0.0475}, "8": {"min": 0.0, "max": 0.0, "score": -0.0026}, "9": {"min": 0.0, "max": 0.0, "score": 0.1137}, "10": {"min": 0.0, "max": 3.056158781, "score": 0.5582}}, "bm_total": {"1": {"min": 0.0, "max": 0.0, "score": -0.155}, "2": {"min": 0.0, "max": 0.0, "score": -0.3651}, "3": {"min": 0.0, "max": 0.255116791, "score": -0.2156}, "4": {"min": 0.255768865, "max": 0.500249982, "score": -0.1008}, "5": {"min": 0.500395954, "max": 0.701610446, "score": -0.1508}, "6": {"min": 0.703616202, "max": 0.983605623, "score": 0.0776}, "7": {"min": 0.987192094, "max": 1.26895237, "score": -0.0026}, "8": {"min": 1.269032478, "max": 1.758812547, "score": 0.2106}, "9": {"min": 1.76453948, "max": 2.581016064, "score": 0.18}, "10": {"min": 2.583080769, "max": 24.08974075, "score": 0.2106}}}